Index,Real,Imaginary,Magnitude,Phase
0,5839.842133,0.000000,5839.842133,0.000000
1,-170.888808,-5526.167372,5528.808986,-1.601710
2,-4675.383309,363.877007,4689.521891,3.063921
3,564.888929,3521.699434,3566.716474,1.411749
4,2351.111045,-713.885049,2457.102971,-0.294790
5,-730.971489,-1396.566944,1576.299003,-2.052993
6,-767.058888,564.513385,952.394193,2.507147
7,231.877203,437.582702,495.222837,1.083512
8,295.451520,174.288479,343.027804,0.532964
9,522.079424,-212.226507,563.566336,-0.386099
